Function Name,Exclusive Samples,Exclusive Samples %,Instruction Address,Source Line Begin,Source Character Begin,Source Line End,Source Character End,
"Unknown",127,"13,37",0xBAADF00D,0,0,0,0,
"[KERNEL32.dll]",40,"4,21",0x759F336A,0,0,0,0,
"[USP10.dll]",13,"1,37",0x75E57A14,0,0,0,0,
"System.Reflection.RuntimeModule.GetTypes()",13,"1,37",0x6F840AF5,0,0,0,0,
"[DUI70.dll]",12,"1,26",0x6B06979E,0,0,0,0,
"[clr.dll]",11,"1,16",0x706AB4AD,0,0,0,0,
"System.Windows.Media.Visual.HitTestPoint(class System.Windows.Media.HitTestFilterCallback,class System.Windows.Media.HitTestResultCallback,class System.Windows.Media.PointHitTestParameters)",9,"0,95",0x61BE8E46,0,0,0,0,
"[apphelp.dll]",8,"0,84",0x6CB0A7E0,0,0,0,0,
"System.RuntimeType.RuntimeTypeCache.MemberInfoCache`1.PopulateProperties(valuetype System.RuntimeType/RuntimeTypeCache/Filter,class System.RuntimeType,class System.Collections.Generic.Dictionary`2<string,class System.Collections.Generic.List`1<class System.Reflection.RuntimePropertyInfo>>,bool[],valuetype System.RuntimeType/ListBuilder`1<class System.Reflection.RuntimePropertyInfo>&)",7,"0,74",0x6F7D93B1,0,0,0,0,
"[KERNEL32.dll]",6,"0,63",0x759F389E,0,0,0,0,
"[DUI70.dll]",5,"0,53",0x6B07C47B,0,0,0,0,
"[DUser.dll]",5,"0,53",0x6B103D95,0,0,0,0,
"MS.Win32.HwndSubclass.SubclassWndProc(native int,int32,native int,native int)",5,"0,53",0x6A4EC02D,0,0,0,0,
"System.MulticastDelegate.GetInvocationList()",5,"0,53",0x6F7D90B5,0,0,0,0,
"System.Reflection.RuntimeMethodInfo.CacheEquals(object)",5,"0,53",0x6F85BB20,0,0,0,0,
"[comctl32.dll]",4,"0,42",0x6DD2FE70,0,0,0,0,
"[comdlg32.dll]",4,"0,42",0x76B7597B,0,0,0,0,
"[DUI70.dll]",4,"0,42",0x6B070C64,0,0,0,0,
"[explorerframe.dll]",4,"0,42",0x6ACB41A5,0,0,0,0,
"[KERNEL32.dll]",4,"0,42",0x759F1F9C,0,0,0,0,
"[ntdll.dll]",4,"0,42",0x7784E0F2,0,0,0,0,
"[ntdll.dll]",4,"0,42",0x77875695,0,0,0,0,
"[USP10.dll]",4,"0,42",0x75E57A01,0,0,0,0,
"System.MulticastDelegate.GetInvocationList()",4,"0,42",0x6F7D90F4,0,0,0,0,
"[DUI70.dll]",3,"0,32",0x6B090A39,0,0,0,0,
"[KERNEL32.dll]",3,"0,32",0x759F135D,0,0,0,0,
"[KERNEL32.dll]",3,"0,32",0x759F22D2,0,0,0,0,
"[KERNELBASE.dll]",3,"0,32",0x75726A5D,0,0,0,0,
"[KERNELBASE.dll]",3,"0,32",0x75742ECB,0,0,0,0,
"[ntdll.dll]",3,"0,32",0x7783010A,0,0,0,0,
"[ntdll.dll]",3,"0,32",0x778422D7,0,0,0,0,
"[ntdll.dll]",3,"0,32",0x778625DF,0,0,0,0,
"[RPCRT4.dll]",3,"0,32",0x75BC011D,0,0,0,0,
"MS.Internal.UIElementHelper.IsUIElementOrUIElement3D(class System.Windows.DependencyObject)",3,"0,32",0x61BE543F,0,0,0,0,
"MS.Utility.ArrayItemList`1.EntryAt(int32)",3,"0,32",0x61B996F4,0,0,0,0,
"MS.Utility.ArrayItemList`1.EntryAt(int32)",3,"0,32",0x61B9970E,0,0,0,0,
"MS.Utility.FrugalStructList`1.get_Item(int32)",3,"0,32",0x61B996E3,0,0,0,0,
"System.Windows.DependencyProperty.GetMetadata(class System.Windows.DependencyObjectType)",3,"0,32",0x6A4F064D,0,0,0,0,
"System.Windows.PropertyMetadata.get_DefaultValue()",3,"0,32",0x6A4ED8E3,0,0,0,0,
"[comctl32.dll]",2,"0,21",0x6DD2F490,0,0,0,0,
"[DUser.dll]",2,"0,21",0x6B0F1757,0,0,0,0,
"[DUser.dll]",2,"0,21",0x6B0F3FC3,0,0,0,0,
"[KERNEL32.dll]",2,"0,21",0x759F1371,0,0,0,0,
"[msvcrt.dll]",2,"0,21",0x75DA9BF1,0,0,0,0,
"[ntdll.dll]",2,"0,21",0x778422A6,0,0,0,0,
"[ntdll.dll]",2,"0,21",0x77853CFE,0,0,0,0,
"[ole32.dll]",2,"0,21",0x7730EA5F,0,0,0,0,
"[PresentationCore.dll]",2,"0,21",0x61BF9CF6,0,0,0,0,
"[PROPSYS.dll]",2,"0,21",0x6DB8A6C0,0,0,0,0,
"[SHLWAPI.dll]",2,"0,21",0x755189F8,0,0,0,0,
"[SHLWAPI.dll]",2,"0,21",0x7551C4EE,0,0,0,0,
"[SHLWAPI.dll]",2,"0,21",0x75530ADB,0,0,0,0,
"[Unknown]",2,"0,21",0x6D390B96,0,0,0,0,
"[Unknown]",2,"0,21",0x75F65A23,0,0,0,0,
"[Unknown]",2,"0,21",0x7607F680,0,0,0,0,
"[Unknown]",2,"0,21",0x760F79E4,0,0,0,0,
"[USER32.dll]",2,"0,21",0x77197290,0,0,0,0,
"[USP10.dll]",2,"0,21",0x75E583BE,0,0,0,0,
"[WindowsBase.dll]",2,"0,21",0x6A50EF92,0,0,0,0,
"MS.Internal.FontCache.Util.get_Dpi()",2,"0,21",0x61B8C452,0,0,0,0,
"MS.Internal.FontCache.Util.get_Dpi()",2,"0,21",0x61B8C454,0,0,0,0,
"MS.Internal.Text.TextInterface.Font.DisplayMetrics(float32,float32)",2,"0,21",0x61BE1E01,0,0,0,0,
"MS.Internal.Text.TextInterface.FontFace.GetArrayOfGlyphIndices(uint32 modopt(System.Runtime.CompilerServices.IsConst)*,uint32,uint16*)",2,"0,21",0x61B9FEE9,0,0,0,0,
"MS.Internal.UIElementHelper.GetUIParent(class System.Windows.DependencyObject,bool)",2,"0,21",0x61B98E86,0,0,0,0,
"MS.Utility.ArrayItemList`1.Clear()",2,"0,21",0x61B99BD3,0,0,0,0,
"MS.Utility.ArrayItemList`1.EntryAt(int32)",2,"0,21",0x61B996FC,0,0,0,0,
"MS.Utility.ArrayItemList`1.EntryAt(int32)",2,"0,21",0x61B9970D,0,0,0,0,
"MS.Utility.DTypeMap.get_Item(class System.Windows.DependencyObjectType)",2,"0,21",0x61B89DA8,0,0,0,0,
"MS.Utility.FrugalStructList`1.get_Item(int32)",2,"0,21",0x61B996D3,0,0,0,0,
"MS.Utility.FrugalStructList`1.get_Item(int32)",2,"0,21",0x61B996E8,0,0,0,0,
"MS.Utility.ThreeObjectMap.Search(int32)",2,"0,21",0x6A4FBA31,0,0,0,0,
"MS.Win32.UnsafeNativeMethods.MsgWaitForMultipleObjectsEx(int32,native int[],int32,int32,int32)",2,"0,21",0x6A4EEA62,0,0,0,0,
"Mufasa.Pages.Design.openFileButton_Click(object,class System.Windows.RoutedEventArgs)",2,"0,21",0x005A7E4F,217,25,217,58,
"System.Array.Copy(class System.Array,int64,class System.Array,int64,int64)",2,"0,21",0x6F85A5CC,0,0,0,0,
"System.Collections.ArrayList.get_Count()",2,"0,21",0x6F840223,0,0,0,0,
"System.MulticastDelegate.GetInvocationList()",2,"0,21",0x6F7D90E7,0,0,0,0,
"System.Nullable`1.get_Value()",2,"0,21",0x6F8620F0,0,0,0,0,
"System.Reflection.CustomAttributeData.GetCustomAttributeRecords(class System.Reflection.RuntimeModule,int32)",2,"0,21",0x6F859734,0,0,0,0,
"System.Reflection.CustomAttributeData.GetCustomAttributeRecords(class System.Reflection.RuntimeModule,int32)",2,"0,21",0x6F859761,0,0,0,0,
"System.Reflection.MemberInfo.op_Equality(class System.Reflection.MemberInfo,class System.Reflection.MemberInfo)",2,"0,21",0x6F7DB41C,0,0,0,0,
"System.RuntimeType.GetBaseType()",2,"0,21",0x6F7D377A,0,0,0,0,
"System.RuntimeType.RuntimeTypeCache.MemberInfoCache`1.MergeWithGlobalList(!0[])",2,"0,21",0x6F7DBEA3,0,0,0,0,
"System.RuntimeType.RuntimeTypeCache.MemberInfoCache`1.MergeWithGlobalList(!0[])",2,"0,21",0x6F7DBEAD,0,0,0,0,
"System.RuntimeType.RuntimeTypeCache.MemberInfoCache`1.MergeWithGlobalList(!0[])",2,"0,21",0x6F7DBEB0,0,0,0,0,
"System.Threading.SynchronizationContext.SetSynchronizationContext(class System.Threading.SynchronizationContext)",2,"0,21",0x6F857CEC,0,0,0,0,
"System.Windows.DependencyObject.GetValue(class System.Windows.DependencyProperty)",2,"0,21",0x6A4F52BF,0,0,0,0,
"System.Windows.DependencyObject.LookupEntry(int32)",2,"0,21",0x6A4F1E30,0,0,0,0,
"System.Windows.DependencyObjectType.IsInstanceOfType(class System.Windows.DependencyObject)",2,"0,21",0x6A4F52E9,0,0,0,0,
"System.Windows.EffectiveValueEntry.EnsureModifiedValue(bool)",2,"0,21",0x6A4F6314,0,0,0,0,
"System.Windows.FrameworkElement.AddStyleHandlersToEventRoute(class System.Windows.FrameworkElement,class System.Windows.FrameworkContentElement,class System.Windows.EventRoute,class System.Windows.RoutedEventArgs)",2,"0,21",0x5ED93154,0,0,0,0,
"System.Windows.Input.InputElement.GetContainingVisual(class System.Windows.DependencyObject)",2,"0,21",0x61B8E086,0,0,0,0,
"System.Windows.Media.Visual.Enter()",2,"0,21",0x61BAEE83,0,0,0,0,
"System.Windows.Media.Visual.PrecomputeRecursive(valuetype System.Windows.Rect&)",2,"0,21",0x61BAEC0F,0,0,0,0,
"System.Windows.Media.Visual.UpdateChildren(class System.Windows.Media.RenderContext,valuetype System.Windows.Media.Composition.DUCE/ResourceHandle)",2,"0,21",0x61BB0E81,0,0,0,0,
"System.Windows.Media.VisualCollection.get_Item(int32)",2,"0,21",0x61B92C01,0,0,0,0,
"System.Windows.ResourceDictionary.GetBamlObjectFactory(object)",2,"0,21",0x5ED70EAE,0,0,0,0,
"System.Windows.ResourceDictionary.GetValueWithoutLock(object,bool&)",2,"0,21",0x5ED719B6,0,0,0,0,
"System.Windows.RoutedEventArgs.set_Source(object)",2,"0,21",0x61B985CB,0,0,0,0,
"[clr.dll]",1,"0,11",0x7061BF03,0,0,0,0,
"[clr.dll]",1,"0,11",0x70635797,0,0,0,0,
"[clr.dll]",1,"0,11",0x70642C38,0,0,0,0,
"[comctl32.dll]",1,"0,11",0x6DD0B346,0,0,0,0,
"[comctl32.dll]",1,"0,11",0x6DD14C72,0,0,0,0,
"[comctl32.dll]",1,"0,11",0x6DD2F1D2,0,0,0,0,
"[comctl32.dll]",1,"0,11",0x6DD2F468,0,0,0,0,
"[comctl32.dll]",1,"0,11",0x6DD306E8,0,0,0,0,
"[comctl32.dll]",1,"0,11",0x6DD934F4,0,0,0,0,
"[comdlg32.dll]",1,"0,11",0x76B8DDE4,0,0,0,0,
"[DUI70.dll]",1,"0,11",0x6B06885E,0,0,0,0,
"[DUI70.dll]",1,"0,11",0x6B073BEE,0,0,0,0,
"[DUI70.dll]",1,"0,11",0x6B0908C3,0,0,0,0,
"[DUI70.dll]",1,"0,11",0x6B0908E8,0,0,0,0,
"[DUser.dll]",1,"0,11",0x6B0F1717,0,0,0,0,
"[DUser.dll]",1,"0,11",0x6B0F2A9E,0,0,0,0,
"[DUser.dll]",1,"0,11",0x6B0F2AB7,0,0,0,0,
"[DUser.dll]",1,"0,11",0x6B0F4791,0,0,0,0,
"[DUser.dll]",1,"0,11",0x6B0F6711,0,0,0,0,
"[explorerframe.dll]",1,"0,11",0x6ACC353F,0,0,0,0,
"[explorerframe.dll]",1,"0,11",0x6ACC367B,0,0,0,0,
"[explorerframe.dll]",1,"0,11",0x6ACC7787,0,0,0,0,
"[explorerframe.dll]",1,"0,11",0x6ACDFEF4,0,0,0,0,
"[explorerframe.dll]",1,"0,11",0x6ACF2380,0,0,0,0,
"[GDI32.dll]",1,"0,11",0x75474FFD,0,0,0,0,
"[GDI32.dll]",1,"0,11",0x754755D5,0,0,0,0,
"[GDI32.dll]",1,"0,11",0x75475F1D,0,0,0,0,
"[GDI32.dll]",1,"0,11",0x75477D67,0,0,0,0,
"[GDI32.dll]",1,"0,11",0x75478316,0,0,0,0,
"[GDI32.dll]",1,"0,11",0x75478B83,0,0,0,0,
"[GDI32.dll]",1,"0,11",0x7547AE50,0,0,0,0,
"[IMM32.DLL]",1,"0,11",0x75573ADB,0,0,0,0,
"[KERNEL32.dll]",1,"0,11",0x759F1386,0,0,0,0,
"[KERNEL32.dll]",1,"0,11",0x759F13D6,0,0,0,0,
"[KERNEL32.dll]",1,"0,11",0x759F14AD,0,0,0,0,
"[KERNEL32.dll]",1,"0,11",0x759F1FF5,0,0,0,0,
"[KERNEL32.dll]",1,"0,11",0x759F2402,0,0,0,0,
"[KERNEL32.dll]",1,"0,11",0x759F37FF,0,0,0,0,
"[KERNEL32.dll]",1,"0,11",0x759F57FB,0,0,0,0,
"[KERNEL32.dll]",1,"0,11",0x759F7EB1,0,0,0,0,
"[KERNELBASE.dll]",1,"0,11",0x75726A71,0,0,0,0,
"[KERNELBASE.dll]",1,"0,11",0x75728FB0,0,0,0,0,
"[KERNELBASE.dll]",1,"0,11",0x7572AF6C,0,0,0,0,
"[KERNELBASE.dll]",1,"0,11",0x75730771,0,0,0,0,
"[KERNELBASE.dll]",1,"0,11",0x75730DD4,0,0,0,0,
"[KERNELBASE.dll]",1,"0,11",0x7573149D,0,0,0,0,
"[KERNELBASE.dll]",1,"0,11",0x75733BE3,0,0,0,0,
"[KERNELBASE.dll]",1,"0,11",0x75733C42,0,0,0,0,
"[KERNELBASE.dll]",1,"0,11",0x75734AB0,0,0,0,0,
"[KERNELBASE.dll]",1,"0,11",0x7573CA01,0,0,0,0,
"[KERNELBASE.dll]",1,"0,11",0x7574380A,0,0,0,0,
"[KERNELBASE.dll]",1,"0,11",0x75756FDD,0,0,0,0,
"[mscorlib.dll]",1,"0,11",0x6F891342,0,0,0,0,
"[MSCTF.dll]",1,"0,11",0x755C3FCA,0,0,0,0,
"[MSCTF.dll]",1,"0,11",0x755C3FD1,0,0,0,0,
"[MSCTF.dll]",1,"0,11",0x755C449D,0,0,0,0,
"[MSVCR110_CLR0400.dll]",1,"0,11",0x70521351,0,0,0,0,
"[MSVCR110_CLR0400.dll]",1,"0,11",0x7052257C,0,0,0,0,
"[MSVCR110_CLR0400.dll]",1,"0,11",0x705359D3,0,0,0,0,
"[MSVCR110_CLR0400.dll]",1,"0,11",0x70541510,0,0,0,0,
"[msvcrt.dll]",1,"0,11",0x75DA9790,0,0,0,0,
"[msvcrt.dll]",1,"0,11",0x75DA9822,0,0,0,0,
"[msvcrt.dll]",1,"0,11",0x75DA9BEA,0,0,0,0,
"[msvcrt.dll]",1,"0,11",0x75DA9C39,0,0,0,0,
"[msvcrt.dll]",1,"0,11",0x75DAA0CE,0,0,0,0,
"[msvcrt.dll]",1,"0,11",0x75DAAA46,0,0,0,0,
"[msvcrt.dll]",1,"0,11",0x75DAABA6,0,0,0,0,
"[msvcrt.dll]",1,"0,11",0x75DAAFF6,0,0,0,0,
"[msvcrt.dll]",1,"0,11",0x75DABBE6,0,0,0,0,
"[msvcrt.dll]",1,"0,11",0x75DAD838,0,0,0,0,
"[msvcrt.dll]",1,"0,11",0x75DB7977,0,0,0,0,
"[ntdll.dll]",1,"0,11",0x778422E3,0,0,0,0,
"[ntdll.dll]",1,"0,11",0x778422FF,0,0,0,0,
"[ntdll.dll]",1,"0,11",0x77842344,0,0,0,0,
"[ntdll.dll]",1,"0,11",0x77842470,0,0,0,0,
"[ntdll.dll]",1,"0,11",0x7784249F,0,0,0,0,
"[ntdll.dll]",1,"0,11",0x7784E023,0,0,0,0,
"[ntdll.dll]",1,"0,11",0x7784E069,0,0,0,0,
"[ntdll.dll]",1,"0,11",0x7784E0B0,0,0,0,0,
"[ntdll.dll]",1,"0,11",0x7784E0D8,0,0,0,0,
"[ntdll.dll]",1,"0,11",0x7784E275,0,0,0,0,
"[ntdll.dll]",1,"0,11",0x7784E38C,0,0,0,0,
"[ntdll.dll]",1,"0,11",0x7784ED54,0,0,0,0,
"[ntdll.dll]",1,"0,11",0x7784F1AA,0,0,0,0,
"[ntdll.dll]",1,"0,11",0x77852540,0,0,0,0,
"[ntdll.dll]",1,"0,11",0x77852C9C,0,0,0,0,
"[ntdll.dll]",1,"0,11",0x778534A2,0,0,0,0,
"[ntdll.dll]",1,"0,11",0x77857DD0,0,0,0,0,
"[ntdll.dll]",1,"0,11",0x7785B2B5,0,0,0,0,
"[ntdll.dll]",1,"0,11",0x77861788,0,0,0,0,
"[ntdll.dll]",1,"0,11",0x77862003,0,0,0,0,
"[ntdll.dll]",1,"0,11",0x7787D2FA,0,0,0,0,
"[ntdll.dll]",1,"0,11",0x778848E7,0,0,0,0,
"[ntshrui.dll]",1,"0,11",0x6BF249FF,0,0,0,0,
"[ole32.dll]",1,"0,11",0x7730625C,0,0,0,0,
"[ole32.dll]",1,"0,11",0x77306D4C,0,0,0,0,
"[ole32.dll]",1,"0,11",0x77306DF9,0,0,0,0,
"[ole32.dll]",1,"0,11",0x77306FBA,0,0,0,0,
"[ole32.dll]",1,"0,11",0x77309D3F,0,0,0,0,
"[ole32.dll]",1,"0,11",0x7730EA43,0,0,0,0,
"[ole32.dll]",1,"0,11",0x77316F54,0,0,0,0,
"[ole32.dll]",1,"0,11",0x773FD21E,0,0,0,0,
"[ole32.dll]",1,"0,11",0x773FD380,0,0,0,0,
"[PresentationCore.dll]",1,"0,11",0x61B3C015,0,0,0,0,
"[PresentationCore.dll]",1,"0,11",0x61BFA7FD,0,0,0,0,
"[PROPSYS.dll]",1,"0,11",0x6DB773B2,0,0,0,0,
"[PROPSYS.dll]",1,"0,11",0x6DB7CA73,0,0,0,0,
"[PROPSYS.dll]",1,"0,11",0x6DB7D244,0,0,0,0,
"[PROPSYS.dll]",1,"0,11",0x6DB7ECE2,0,0,0,0,
"[RPCRT4.dll]",1,"0,11",0x75B2F4EB,0,0,0,0,
"[RPCRT4.dll]",1,"0,11",0x75B33202,0,0,0,0,
"[RPCRT4.dll]",1,"0,11",0x75B44003,0,0,0,0,
"[RPCRT4.dll]",1,"0,11",0x75BC015A,0,0,0,0,
"[RPCRT4.dll]",1,"0,11",0x75BC016A,0,0,0,0,
"[SamplingRuntime.dll]",1,"0,11",0x0FA15FA7,0,0,0,0,
"[SHLWAPI.dll]",1,"0,11",0x75512D26,0,0,0,0,
"[SHLWAPI.dll]",1,"0,11",0x755142B6,0,0,0,0,
"[SHLWAPI.dll]",1,"0,11",0x75514D7B,0,0,0,0,
"[SHLWAPI.dll]",1,"0,11",0x75518977,0,0,0,0,
"[SHLWAPI.dll]",1,"0,11",0x7551898B,0,0,0,0,
"[SHLWAPI.dll]",1,"0,11",0x75518CF4,0,0,0,0,
"[SHLWAPI.dll]",1,"0,11",0x7551A1E6,0,0,0,0,
"[SHLWAPI.dll]",1,"0,11",0x7551B162,0,0,0,0,
"[SHLWAPI.dll]",1,"0,11",0x7551C514,0,0,0,0,
"[SHLWAPI.dll]",1,"0,11",0x7551F34F,0,0,0,0,
"[Unknown]",1,"0,11",0x00162503,0,0,0,0,
"[Unknown]",1,"0,11",0x00590010,0,0,0,0,
"[Unknown]",1,"0,11",0x005931EC,0,0,0,0,
"[Unknown]",1,"0,11",0x0BC90010,0,0,0,0,
"[Unknown]",1,"0,11",0x0C052808,0,0,0,0,
"[Unknown]",1,"0,11",0x0EA70FC4,0,0,0,0,
"[Unknown]",1,"0,11",0x0EC25A24,0,0,0,0,
"[Unknown]",1,"0,11",0x6B6B6034,0,0,0,0,
"[Unknown]",1,"0,11",0x6B6EFB83,0,0,0,0,
"[Unknown]",1,"0,11",0x6B70BAE4,0,0,0,0,
"[Unknown]",1,"0,11",0x6B70EB54,0,0,0,0,
"[Unknown]",1,"0,11",0x6B70EFBE,0,0,0,0,
"[Unknown]",1,"0,11",0x6B70EFD5,0,0,0,0,
"[Unknown]",1,"0,11",0x6D390BCD,0,0,0,0,
"[Unknown]",1,"0,11",0x6D39885F,0,0,0,0,
"[Unknown]",1,"0,11",0x6F4128DF,0,0,0,0,
"[Unknown]",1,"0,11",0x6F417680,0,0,0,0,
"[Unknown]",1,"0,11",0x6F4182C3,0,0,0,0,
"[Unknown]",1,"0,11",0x6F41ED40,0,0,0,0,
"[Unknown]",1,"0,11",0x6F42009A,0,0,0,0,
"[Unknown]",1,"0,11",0x6F420617,0,0,0,0,
"[Unknown]",1,"0,11",0x6F422DB1,0,0,0,0,
"[Unknown]",1,"0,11",0x6F423AA6,0,0,0,0,
"[Unknown]",1,"0,11",0x6F4242C2,0,0,0,0,
"[Unknown]",1,"0,11",0x6F42D7A9,0,0,0,0,
"[Unknown]",1,"0,11",0x73BC1583,0,0,0,0,
"[Unknown]",1,"0,11",0x73BF96F0,0,0,0,0,
"[Unknown]",1,"0,11",0x75F63ADC,0,0,0,0,
"[Unknown]",1,"0,11",0x75F690B2,0,0,0,0,
"[Unknown]",1,"0,11",0x75F867E1,0,0,0,0,
"[Unknown]",1,"0,11",0x75F88D70,0,0,0,0,
"[Unknown]",1,"0,11",0x75F8FFBA,0,0,0,0,
"[Unknown]",1,"0,11",0x75F92F6C,0,0,0,0,
"[Unknown]",1,"0,11",0x75FAB4AC,0,0,0,0,
"[Unknown]",1,"0,11",0x75FACA69,0,0,0,0,
"[Unknown]",1,"0,11",0x75FC6C85,0,0,0,0,
"[Unknown]",1,"0,11",0x75FCC36B,0,0,0,0,
"[Unknown]",1,"0,11",0x75FD2664,0,0,0,0,
"[Unknown]",1,"0,11",0x75FD997C,0,0,0,0,
"[Unknown]",1,"0,11",0x76049074,0,0,0,0,
"[Unknown]",1,"0,11",0x7604FC0D,0,0,0,0,
"[Unknown]",1,"0,11",0x760ABEFB,0,0,0,0,
"[Unknown]",1,"0,11",0x760C8012,0,0,0,0,
"[Unknown]",1,"0,11",0x760F7951,0,0,0,0,
"[Unknown]",1,"0,11",0x761C64E6,0,0,0,0,
"[USER32.dll]",1,"0,11",0x7719616A,0,0,0,0,
"[USER32.dll]",1,"0,11",0x7719967C,0,0,0,0,
"[WindowsBase.dll]",1,"0,11",0x6A50BBB7,0,0,0,0,
"[WindowsBase.dll]",1,"0,11",0x6A50BBD4,0,0,0,0,
"[WindowsBase.dll]",1,"0,11",0x6A50D310,0,0,0,0,
"Bio.IO.AppliedBiosystems.Ab1Parser..ctor()",1,"0,11",0x005A8FBA,0,0,0,0,
"Bio.IO.FastA.FastAParser.<Parse>d__0.MoveNext()",1,"0,11",0x005AF20E,0,0,0,0,
"Bio.Registration.RegisteredAddIn.GetComposedInstancesFromAssemblyPath(string,string,string)",1,"0,11",0x005A8A14,0,0,0,0,
"FirstFloor.ModernUI.Presentation.RelayCommand.OnExecute(object)",1,"0,11",0x0BC9200B,0,0,0,0,
"MS.Internal.Classification.CharAttributeOf(int32)",1,"0,11",0x61BA0747,0,0,0,0,
"MS.Internal.Classification.GetUnicodeClassUTF16(char)",1,"0,11",0x61BA06BF,0,0,0,0,
"MS.Internal.CopyOnWriteList.get_List()",1,"0,11",0x6A4EE7DB,0,0,0,0,
"MS.Internal.DoubleUtil.RectHasNaN(valuetype System.Windows.Rect)",1,"0,11",0x6A4FFEA1,0,0,0,0,
"MS.Internal.FontCache.Util.get_Dpi()",1,"0,11",0x61B8C444,0,0,0,0,
"MS.Internal.FontCache.Util.get_Dpi()",1,"0,11",0x61B8C45F,0,0,0,0,
"MS.Internal.FontCache.Util.get_Dpi()",1,"0,11",0x61B8C464,0,0,0,0,
"MS.Internal.FontCache.Util.get_PixelsPerDip()",1,"0,11",0x61BA2C81,0,0,0,0,
"MS.Internal.FrameworkObject..ctor(class System.Windows.DependencyObject)",1,"0,11",0x5ED5E55C,0,0,0,0,
"MS.Internal.FrameworkObject.Reset(class System.Windows.DependencyObject)",1,"0,11",0x5ED5F17E,0,0,0,0,
"MS.Internal.Invariant.Assert(bool,string)",1,"0,11",0x6A4F0046,0,0,0,0,
"MS.Internal.MatrixUtil.MultiplyMatrix(valuetype System.Windows.Media.Matrix&,valuetype System.Windows.Media.Matrix&)",1,"0,11",0x6A4FAECC,0,0,0,0,
"MS.Internal.Media.VisualTreeUtils.AsVisual(class System.Windows.DependencyObject,class System.Windows.Media.Visual&,class System.Windows.Media.Media3D.Visual3D&)",1,"0,11",0x61B8DEE5,0,0,0,0,
"MS.Internal.Text.DynamicPropertyReader.GetTypeface(class System.Windows.DependencyObject)",1,"0,11",0x5ED99C1E,0,0,0,0,
"MS.Internal.Text.SimpleLine.GetTextRun(int32)",1,"0,11",0x5ED49C33,0,0,0,0,
"MS.Internal.Text.TextInterface.Factory.GetIdentityTransform()",1,"0,11",0x61BC6363,0,0,0,0,
"MS.Internal.Text.TextInterface.Font.DisplayMetrics(float32,float32)",1,"0,11",0x61BE1E5D,0,0,0,0,
"MS.Internal.Text.TextInterface.Font.GetFontFace()",1,"0,11",0x61B9F18D,0,0,0,0,
"MS.Internal.Text.TextProperties.get_FontRenderingEmSize()",1,"0,11",0x5ED9A18E,0,0,0,0,
"MS.Internal.TextFormatting.SimpleRun.get_Height()",1,"0,11",0x61B83A4B,0,0,0,0,
"MS.Internal.TextFormatting.TextFormatterImp.RoundDipForDisplayMode(float64,valuetype System.MidpointRounding)",1,"0,11",0x61BE1D64,0,0,0,0,
"MS.Internal.TextFormatting.TextFormatterImp.RoundDipForDisplayMode(float64,valuetype System.MidpointRounding)",1,"0,11",0x61BE1D8B,0,0,0,0,
"MS.Internal.TextFormatting.TextFormatterImp.VerifyTextFormattingArguments(class System.Windows.Media.TextFormatting.TextSource,int32,float64,class System.Windows.Media.TextFormatting.TextParagraphProperties,class System.Windows.Media.TextFormatting.TextRunCache)",1,"0,11",0x61B9BB9A,0,0,0,0,
"MS.Internal.TextFormatting.TextStore.FetchLSRun(int32,valuetype System.Windows.Media.TextFormattingMode,bool,valuetype MS.Internal.TextFormatting.Plsrun&,int32&,int32&)",1,"0,11",0x61BBB74B,0,0,0,0,
"MS.Internal.TextServicesLoader.get_ServicesInstalled()",1,"0,11",0x6A4FA8C1,0,0,0,0,
"MS.Internal.TraceRoutedEvent.get_IsEnabled()",1,"0,11",0x61B98576,0,0,0,0,
"MS.Internal.UIElementHelper.IsVisible(class System.Windows.DependencyObject)",1,"0,11",0x61B9720F,0,0,0,0,
"MS.Internal.WeakReferenceListEnumerator.MoveNext()",1,"0,11",0x6A4EE854,0,0,0,0,
"MS.Internal.Xaml.Context.XamlContextStack`1.get_PreviousFrame()",1,"0,11",0x694CCB40,0,0,0,0,
"MS.Internal.Xaml.Context.XamlContextStack`1.PushScope()",1,"0,11",0x5ED59A93,0,0,0,0,
"MS.Internal.Xaml.Context.XamlFrame.set_Previous(class MS.Internal.Xaml.Context.XamlFrame)",1,"0,11",0x694C98A7,0,0,0,0,
"MS.Utility.ArrayItemList`1.Add(!0)",1,"0,11",0x61B98D6C,0,0,0,0,
"MS.Utility.ArrayItemList`1.Add(!0)",1,"0,11",0x61B99068,0,0,0,0,
"MS.Utility.ArrayItemList`1.Add(!0)",1,"0,11",0x6A4F4044,0,0,0,0,
"MS.Utility.ArrayItemList`1.Clear()",1,"0,11",0x61B99C5B,0,0,0,0,
"MS.Utility.ArrayItemList`1.EntryAt(int32)",1,"0,11",0x61B99708,0,0,0,0,
"MS.Utility.FrugalObjectList`1.get_Item(int32)",1,"0,11",0x6A4F13C8,0,0,0,0,
"MS.Utility.FrugalObjectList`1.get_Item(int32)",1,"0,11",0x6A4F13D5,0,0,0,0,
"MS.Utility.FrugalStructList`1.Add(!0)",1,"0,11",0x61B99057,0,0,0,0,
"MS.Utility.FrugalStructList`1.Add(!0)",1,"0,11",0x6A4F944A,0,0,0,0,
"MS.Utility.FrugalStructList`1.Clear()",1,"0,11",0x61B99B76,0,0,0,0,
"MS.Utility.FrugalStructList`1.get_Item(int32)",1,"0,11",0x5ED74EE3,0,0,0,0,
"MS.Utility.FrugalStructList`1.get_Item(int32)",1,"0,11",0x61B9950D,0,0,0,0,
"MS.Utility.FrugalStructList`1.IndexOf(!0)",1,"0,11",0x6A4F93D4,0,0,0,0,
"MS.Utility.SingleItemList`1.Add(!0)",1,"0,11",0x6A4F1370,0,0,0,0,
"MS.Utility.SixItemList`1.EntryAt(int32)",1,"0,11",0x6A4F3FE1,0,0,0,0,
"MS.Utility.SixItemList`1.EntryAt(int32)",1,"0,11",0x6A4F3FF9,0,0,0,0,
"MS.Utility.ThreeItemList`1.EntryAt(int32)",1,"0,11",0x6A4F3AD1,0,0,0,0,
"MS.Win32.HwndSubclass.DefWndProcWrapper(native int,int32,native int,native int)",1,"0,11",0x6A4EC870,0,0,0,0,
"MS.Win32.HwndSubclass.DispatcherCallbackOperation(object)",1,"0,11",0x6A4EC6AE,0,0,0,0,
"MS.Win32.SafeNativeMethods.QueryPerformanceCounter(int64&)",1,"0,11",0x6A4F5519,0,0,0,0,
"MS.Win32.UnsafeNativeMethods.GetWindowLong(valuetype System.Runtime.InteropServices.HandleRef,int32)",1,"0,11",0x6A4FAD61,0,0,0,0,
"Mufasa.BackEnd.Designer.Construct.SaveAsBio(string)",1,"0,11",0x0BC94302,103,13,103,44,
"Standard.DpiHelper.DeviceRectToLogical(valuetype System.Windows.Rect)",1,"0,11",0x5F7EC15D,0,0,0,0,
"System.Array.BinarySearch(!!0[],int32,int32,!!0,class System.Collections.Generic.IComparer`1<!!0>)",1,"0,11",0x6F85E0B1,0,0,0,0,
"System.Array.BinarySearch(!!0[],int32,int32,!!0,class System.Collections.Generic.IComparer`1<!!0>)",1,"0,11",0x6F85E0F9,0,0,0,0,
"System.Collections.BitArray.Set(int32,bool)",1,"0,11",0x6F845DE1,0,0,0,0,
"System.Collections.Generic.Comparer`1.get_Default()",1,"0,11",0x6F846B41,0,0,0,0,
"System.Collections.Generic.GenericEqualityComparer`1.Equals(!0,!0)",1,"0,11",0x6F858D65,0,0,0,0,
"System.Collections.Generic.List`1.Enumerator.MoveNext()",1,"0,11",0x5F816801,0,0,0,0,
"System.Collections.Generic.List`1.get_Item(int32)",1,"0,11",0x6F7E038D,0,0,0,0,
"System.Collections.Generic.ObjectEqualityComparer`1.Equals(!0,!0)",1,"0,11",0x6F853004,0,0,0,0,
"System.Collections.Generic.Queue`1.Enqueue(!0)",1,"0,11",0x6EC09110,0,0,0,0,
"System.Collections.Hashtable.ContainsKey(object)",1,"0,11",0x6F85875F,0,0,0,0,
"System.Collections.Hashtable.ContainsKey(object)",1,"0,11",0x6F858762,0,0,0,0,
"System.Collections.Hashtable.ContainsKey(object)",1,"0,11",0x6F85877B,0,0,0,0,
"System.Collections.Hashtable.ContainsKey(object)",1,"0,11",0x6F85878F,0,0,0,0,
"System.Collections.Hashtable.ContainsKey(object)",1,"0,11",0x6F8587DF,0,0,0,0,
"System.Collections.Hashtable.get_SyncRoot()",1,"0,11",0x6F8563E1,0,0,0,0,
"System.Collections.Hashtable.GetHash(object)",1,"0,11",0x6F7D145C,0,0,0,0,
"System.Collections.Hashtable.HashtableEnumerator.MoveNext()",1,"0,11",0x6F850BBF,0,0,0,0,
"System.Collections.Stack.Pop()",1,"0,11",0x6F853071,0,0,0,0,
"System.ComponentModel.Composition.Hosting.ExportProvider.GetExportsCore(string)",1,"0,11",0x693E81ED,0,0,0,0,
"System.ComponentModel.Composition.Primitives.ContractBasedImportDefinition.ValidateRequiredMetadata()",1,"0,11",0x69389387,0,0,0,0,
"System.ComponentModel.Composition.ReflectionModel.ReflectionComposablePartDefinition.get_ExportDefinitionsInternal()",1,"0,11",0x6938ABFD,0,0,0,0,
"System.Delegate.UnsafeCreateDelegate(class System.RuntimeType,class System.Reflection.RuntimeMethodInfo,object,valuetype System.DelegateBindingFlags)",1,"0,11",0x6F879F81,0,0,0,0,
"System.Double.IsNaN(float64)",1,"0,11",0x6F7DE224,0,0,0,0,
"System.IO.UnmanagedMemoryStream.ReadByte()",1,"0,11",0x6F8439AB,0,0,0,0,
"System.IO.UnmanagedMemoryStream.ReadByte()",1,"0,11",0x6F8439F4,0,0,0,0,
"System.LocalDataStore.GetData(class System.LocalDataStoreSlot)",1,"0,11",0x6F85A6B0,0,0,0,0,
"System.Math.InternalRound(float64,int32,valuetype System.MidpointRounding)",1,"0,11",0x6F7E6003,0,0,0,0,
"System.Math.InternalRound(float64,int32,valuetype System.MidpointRounding)",1,"0,11",0x6F7E6014,0,0,0,0,
"System.Math.InternalRound(float64,int32,valuetype System.MidpointRounding)",1,"0,11",0x6F7E6052,0,0,0,0,
"System.Math.Min(float64,float64)",1,"0,11",0x6F845C2E,0,0,0,0,
"System.MulticastDelegate.CombineImpl(class System.Delegate)",1,"0,11",0x6F8546CC,0,0,0,0,
"System.MulticastDelegate.GetInvocationList()",1,"0,11",0x6F7D9061,0,0,0,0,
"System.Reflection.AssemblyName..ctor(string)",1,"0,11",0x6F843B8E,0,0,0,0,
"System.Reflection.Associates.AssignAssociates(valuetype System.Reflection.MetadataImport,int32,class System.RuntimeType,class System.RuntimeType,class System.Reflection.RuntimeMethodInfo&,class System.Reflection.RuntimeMethodInfo&,class System.Reflection.RuntimeMethodInfo&,class System.Reflection.RuntimeMethodInfo&,class System.Reflection.RuntimeMethodInfo&,class System.Reflection.MethodInfo[]&,bool&,valuetype System.Reflection.BindingFlags&)",1,"0,11",0x6F85D4A6,0,0,0,0,
"System.Reflection.MemberInfo.op_Equality(class System.Reflection.MemberInfo,class System.Reflection.MemberInfo)",1,"0,11",0x6F7DB43E,0,0,0,0,
"System.Reflection.RuntimeAssembly.nLoad(class System.Reflection.AssemblyName,string,class System.Security.Policy.Evidence,class System.Reflection.RuntimeAssembly,valuetype System.Threading.StackCrawlMark&,native int,bool,bool,bool)",1,"0,11",0x6F85B4D3,0,0,0,0,
"System.Reflection.RuntimeMethodInfo.CacheEquals(object)",1,"0,11",0x6F85BB3C,0,0,0,0,
"System.Reflection.RuntimeMethodInfo.IsDefined(class System.Type,bool)",1,"0,11",0x6F86B0F1,0,0,0,0,
"System.Reflection.RuntimePropertyInfo..ctor(int32,class System.RuntimeType,class System.RuntimeType/RuntimeTypeCache,bool&)",1,"0,11",0x6F85D3C5,0,0,0,0,
"System.Reflection.RuntimePropertyInfo.get_Name()",1,"0,11",0x6F7E0954,0,0,0,0,
"System.Reflection.RuntimePropertyInfo.get_Signature()",1,"0,11",0x6F85D974,0,0,0,0,
"System.RuntimeType.get_Assembly()",1,"0,11",0x6F7D6035,0,0,0,0,
"System.RuntimeType.GetHashCode()",1,"0,11",0x6F7D3D25,0,0,0,0,
"System.RuntimeType.ListBuilder`1.Add(!0)",1,"0,11",0x6F7DBA76,0,0,0,0,
"System.RuntimeType.RuntimeTypeCache.MemberInfoCache`1.GetListByName(char*,int32,uint8*,int32,valuetype System.RuntimeType/MemberListType,valuetype System.RuntimeType/RuntimeTypeCache/CacheType)",1,"0,11",0x6F7DB8C3,0,0,0,0,
"System.RuntimeType.RuntimeTypeCache.MemberInfoCache`1.MergeWithGlobalList(!0[])",1,"0,11",0x6F7DBE87,0,0,0,0,
"System.RuntimeType.RuntimeTypeCache.MemberInfoCache`1.PopulateLiteralFields(valuetype System.RuntimeType/RuntimeTypeCache/Filter,class System.RuntimeType,valuetype System.RuntimeType/ListBuilder`1<class System.Reflection.RuntimeFieldInfo>&)",1,"0,11",0x6F83E3E1,0,0,0,0,
"System.RuntimeType.RuntimeTypeCache.MemberInfoCache`1.PopulateProperties(valuetype System.RuntimeType/RuntimeTypeCache/Filter,class System.RuntimeType,class System.Collections.Generic.Dictionary`2<string,class System.Collections.Generic.List`1<class System.Reflection.RuntimePropertyInfo>>,bool[],valuetype System.RuntimeType/ListBuilder`1<class System.Reflection.RuntimePropertyInfo>&)",1,"0,11",0x6F7D962E,0,0,0,0,
"System.Security.SecurityContext.CurrentlyInDefaultFTSecurityContext(valuetype System.Threading.ExecutionContext/Reader)",1,"0,11",0x6F854328,0,0,0,0,
"System.Security.SecurityRuntime.RevertAssert(valuetype System.Threading.StackCrawlMark&)",1,"0,11",0x6F853CAB,0,0,0,0,
"System.String.CompareOrdinalHelper(string,string)",1,"0,11",0x6F848912,0,0,0,0,
"System.String.GetHashCode()",1,"0,11",0x6F7D5770,0,0,0,0,
"System.String.wstrcpy(char*,char*,int32)",1,"0,11",0x6F7D2538,0,0,0,0,
"System.StubHelpers.StubHelpers.SafeHandleRelease(class System.Runtime.InteropServices.SafeHandle)",1,"0,11",0x6F7D11B1,0,0,0,0,
"System.Threading.ExecutionContext.Capture(valuetype System.Threading.StackCrawlMark&,valuetype System.Threading.ExecutionContext/CaptureOptions)",1,"0,11",0x6F8537DD,0,0,0,0,
"System.Threading.ExecutionContext.Capture(valuetype System.Threading.StackCrawlMark&,valuetype System.Threading.ExecutionContext/CaptureOptions)",1,"0,11",0x6F853906,0,0,0,0,
"System.Threading.LazyInitializer.EnsureInitializedCore(!!0&,class System.Func`1<!!0>)",1,"0,11",0x6F860773,0,0,0,0,
"System.Threading.SynchronizationContext.get_Current()",1,"0,11",0x6F857C20,0,0,0,0,
"System.Threading.SynchronizationContext.get_Current()",1,"0,11",0x6F857C32,0,0,0,0,
"System.Threading.SynchronizationContext.SetWaitNotificationRequired()",1,"0,11",0x6F860A5B,0,0,0,0,
"System.Threading.Tasks.TaskCompletionSource`1..ctor(object,valuetype System.Threading.Tasks.TaskCreationOptions)",1,"0,11",0x6F860BA6,0,0,0,0,
"System.Threading.Tasks.TaskCompletionSource`1.SetCanceled()",1,"0,11",0x6F861EE1,0,0,0,0,
"System.TimeSpan.op_Addition(valuetype System.TimeSpan,valuetype System.TimeSpan)",1,"0,11",0x6F847EB2,0,0,0,0,
"System.Windows.Baml2006.SharedStream.Sync()",1,"0,11",0x5ED691BC,0,0,0,0,
"System.Windows.ClassHandlersStore.GetHandlersIndex(class System.Windows.RoutedEvent)",1,"0,11",0x61B8AA27,0,0,0,0,
"System.Windows.ClassHandlersStore.GetHandlersIndex(class System.Windows.RoutedEvent)",1,"0,11",0x61B8AA33,0,0,0,0,
"System.Windows.Controls.Grid.get_VisualChildrenCount()",1,"0,11",0x5ED8D3F0,0,0,0,0,
"System.Windows.Controls.PopupControlService.set_LastMouseDirectlyOver(class System.Windows.IInputElement)",1,"0,11",0x5F9D1687,0,0,0,0,
"System.Windows.Controls.ScrollContentPresenter.ArrangeOverride(valuetype System.Windows.Size)",1,"0,11",0x5ED9FC1D,0,0,0,0,
"System.Windows.Controls.ScrollContentPresenter.GetVisualChild(int32)",1,"0,11",0x5ED9C551,0,0,0,0,
"System.Windows.Controls.TextBlock.OnRender(class System.Windows.Media.DrawingContext)",1,"0,11",0x5ED866B7,0,0,0,0,
"System.Windows.Controls.TextBoxLine.HandleText(valuetype System.Windows.Documents.StaticTextPointer)",1,"0,11",0x5F644D4F,0,0,0,0,
"System.Windows.DependencyObject.CheckEntryIndex(valuetype System.Windows.EntryIndex,int32)",1,"0,11",0x6A4F4E54,0,0,0,0,
"System.Windows.DependencyObject.get_DependencyObjectType()",1,"0,11",0x6A4F17E4,0,0,0,0,
"System.Windows.DependencyObject.get_DependencyObjectType()",1,"0,11",0x6A4F17F9,0,0,0,0,
"System.Windows.DependencyObject.get_InheritanceParent()",1,"0,11",0x6A4F4DB6,0,0,0,0,
"System.Windows.DependencyObject.GetEffectiveValue(valuetype System.Windows.EntryIndex,class System.Windows.DependencyProperty,valuetype System.Windows.RequestFlags)",1,"0,11",0x6A4F5629,0,0,0,0,
"System.Windows.DependencyObject.GetEffectiveValue(valuetype System.Windows.EntryIndex,class System.Windows.DependencyProperty,valuetype System.Windows.RequestFlags)",1,"0,11",0x6A4F5680,0,0,0,0,
"System.Windows.DependencyObject.GetValue(class System.Windows.DependencyProperty)",1,"0,11",0x6A4F5270,0,0,0,0,
"System.Windows.DependencyObject.GetValue(class System.Windows.DependencyProperty)",1,"0,11",0x6A4F5275,0,0,0,0,
"System.Windows.DependencyObject.GetValueEntry(valuetype System.Windows.EntryIndex,class System.Windows.DependencyProperty,class System.Windows.PropertyMetadata,valuetype System.Windows.RequestFlags)",1,"0,11",0x6A4F1ED1,0,0,0,0,
"System.Windows.DependencyObject.GetValueEntry(valuetype System.Windows.EntryIndex,class System.Windows.DependencyProperty,class System.Windows.PropertyMetadata,valuetype System.Windows.RequestFlags)",1,"0,11",0x6A4F1EEE,0,0,0,0,
"System.Windows.DependencyObject.GetValueEntry(valuetype System.Windows.EntryIndex,class System.Windows.DependencyProperty,class System.Windows.PropertyMetadata,valuetype System.Windows.RequestFlags)",1,"0,11",0x6A4F1F15,0,0,0,0,
"System.Windows.DependencyObject.GetValueEntry(valuetype System.Windows.EntryIndex,class System.Windows.DependencyProperty,class System.Windows.PropertyMetadata,valuetype System.Windows.RequestFlags)",1,"0,11",0x6A4F1F26,0,0,0,0,
"System.Windows.DependencyObject.GetValueEntry(valuetype System.Windows.EntryIndex,class System.Windows.DependencyProperty,class System.Windows.PropertyMetadata,valuetype System.Windows.RequestFlags)",1,"0,11",0x6A4F1FE4,0,0,0,0,
"System.Windows.DependencyObject.GetValueEntry(valuetype System.Windows.EntryIndex,class System.Windows.DependencyProperty,class System.Windows.PropertyMetadata,valuetype System.Windows.RequestFlags)",1,"0,11",0x6A4F2048,0,0,0,0,
"System.Windows.DependencyObject.GetValueEntry(valuetype System.Windows.EntryIndex,class System.Windows.DependencyProperty,class System.Windows.PropertyMetadata,valuetype System.Windows.RequestFlags)",1,"0,11",0x6A4F2117,0,0,0,0,
"System.Windows.DependencyObject.InvalidateSubProperty(class System.Windows.DependencyProperty)",1,"0,11",0x6A4FB63A,0,0,0,0,
"System.Windows.DependencyObject.LookupEntry(int32)",1,"0,11",0x6A4F1DB1,0,0,0,0,
"System.Windows.DependencyObject.LookupEntry(int32)",1,"0,11",0x6A4F1DBD,0,0,0,0,
"System.Windows.DependencyObject.LookupEntry(int32)",1,"0,11",0x6A4F1DCC,0,0,0,0,
"System.Windows.DependencyObject.LookupEntry(int32)",1,"0,11",0x6A4F1DD8,0,0,0,0,
"System.Windows.DependencyObject.LookupEntry(int32)",1,"0,11",0x6A4F1DE7,0,0,0,0,
"System.Windows.DependencyObject.LookupEntry(int32)",1,"0,11",0x6A4F1E00,0,0,0,0,
"System.Windows.DependencyObject.LookupEntry(int32)",1,"0,11",0x6A4F1E21,0,0,0,0,
"System.Windows.DependencyObject.UpdateEffectiveValue(valuetype System.Windows.EntryIndex,class System.Windows.DependencyProperty,class System.Windows.PropertyMetadata,valuetype System.Windows.EffectiveValueEntry,valuetype System.Windows.EffectiveValueEntry&,bool,bool,valuetype System.Windows.OperationType)",1,"0,11",0x6A4F22AB,0,0,0,0,
"System.Windows.DependencyObjectType.IsInstanceOfType(class System.Windows.DependencyObject)",1,"0,11",0x6A4F52ED,0,0,0,0,
"System.Windows.DependencyObjectType.IsInstanceOfType(class System.Windows.DependencyObject)",1,"0,11",0x6A4F52F9,0,0,0,0,
"System.Windows.DependencyProperty.get_IsStringType()",1,"0,11",0x6A4F4EBD,0,0,0,0,
"System.Windows.DependencyProperty.GetMetadata(class System.Windows.DependencyObjectType)",1,"0,11",0x6A4F0558,0,0,0,0,
"System.Windows.DependencyProperty.GetMetadata(class System.Windows.DependencyObjectType)",1,"0,11",0x6A4F055B,0,0,0,0,
"System.Windows.DependencyProperty.GetMetadata(class System.Windows.DependencyObjectType)",1,"0,11",0x6A4F058E,0,0,0,0,
"System.Windows.DependencyProperty.GetMetadata(class System.Windows.DependencyObjectType)",1,"0,11",0x6A4F05DE,0,0,0,0,
"System.Windows.DescendentsWalker`1._VisitNode(class System.Windows.DependencyObject,bool)",1,"0,11",0x5EDAA90D,0,0,0,0,
"System.Windows.EffectiveValueEntry.GetFlattenedEntry(valuetype System.Windows.RequestFlags)",1,"0,11",0x6A4F2A54,0,0,0,0,
"System.Windows.EffectiveValueEntry.GetFlattenedEntry(valuetype System.Windows.RequestFlags)",1,"0,11",0x6A4F2A7A,0,0,0,0,
"System.Windows.EventRoute.Add(object,class System.Delegate,bool)",1,"0,11",0x61B98BB7,0,0,0,0,
"System.Windows.EventRoute.Add(object,class System.Delegate,bool)",1,"0,11",0x61B98BFB,0,0,0,0,
"System.Windows.EventRoute.Add(object,class System.Delegate,bool)",1,"0,11",0x61B98C00,0,0,0,0,
"System.Windows.EventRoute.AddSource(object)",1,"0,11",0x61B98F1C,0,0,0,0,
"System.Windows.EventRoute.GetBubbleSource(int32,int32&)",1,"0,11",0x61B99E04,0,0,0,0,
"System.Windows.EventRoute.GetBubbleSource(int32,int32&)",1,"0,11",0x61B99E16,0,0,0,0,
"System.Windows.EventRoute.PeekBranchNode()",1,"0,11",0x61B98860,0,0,0,0,
"System.Windows.EventRoute.PeekBranchNode()",1,"0,11",0x61B9886A,0,0,0,0,
"System.Windows.EventRoute.PeekBranchSource()",1,"0,11",0x61B99184,0,0,0,0,
"System.Windows.EventRoute.PopBranchNode()",1,"0,11",0x61B9927E,0,0,0,0,
"System.Windows.EventRoute.PushBranchNode(object,object)",1,"0,11",0x61B9898C,0,0,0,0,
"System.Windows.EventRouteFactory.Push(class System.Windows.EventRoute)",1,"0,11",0x61B99C80,0,0,0,0,
"System.Windows.EventRouteFactory.Push(class System.Windows.EventRoute)",1,"0,11",0x61B99CB0,0,0,0,0,
"System.Windows.FrameworkElement.AddStyleHandlersToEventRoute(class System.Windows.EventRoute,class System.Windows.DependencyObject,valuetype System.Windows.RoutedEventHandlerInfo[])",1,"0,11",0x5ED93226,0,0,0,0,
"System.Windows.FrameworkElement.AddStyleHandlersToEventRoute(class System.Windows.FrameworkElement,class System.Windows.FrameworkContentElement,class System.Windows.EventRoute,class System.Windows.RoutedEventArgs)",1,"0,11",0x5ED93116,0,0,0,0,
"System.Windows.FrameworkElement.AddStyleHandlersToEventRoute(class System.Windows.FrameworkElement,class System.Windows.FrameworkContentElement,class System.Windows.EventRoute,class System.Windows.RoutedEventArgs)",1,"0,11",0x5ED9312A,0,0,0,0,
"System.Windows.FrameworkElement.AdjustEventSource(class System.Windows.RoutedEventArgs)",1,"0,11",0x5ED92EF3,0,0,0,0,
"System.Windows.FrameworkElement.ApplyTemplate()",1,"0,11",0x5ED8B8D2,0,0,0,0,
"System.Windows.FrameworkElement.BuildRouteCoreHelper(class System.Windows.EventRoute,class System.Windows.RoutedEventArgs,bool)",1,"0,11",0x5ED92FC5,0,0,0,0,
"System.Windows.FrameworkElement.FindTemplateResourceInTree(class System.Windows.DependencyObject,class System.Collections.ArrayList,int32,int32&)",1,"0,11",0x5ED4CFED,0,0,0,0,
"System.Windows.FrameworkElement.get_TemplateChildIndex()",1,"0,11",0x5ED5F8F3,0,0,0,0,
"System.Windows.FrameworkElement.get_VisualChildrenCount()",1,"0,11",0x5ED64500,0,0,0,0,
"System.Windows.FrameworkElement.GetFrameworkParent(class System.Windows.FrameworkElement,class System.Windows.FrameworkElement&,class System.Windows.FrameworkContentElement&)",1,"0,11",0x5ED5F9A0,0,0,0,0,
"System.Windows.FrameworkElement.OnPropertyChanged(valuetype System.Windows.DependencyPropertyChangedEventArgs)",1,"0,11",0x5ED5BBDB,0,0,0,0,
"System.Windows.FrameworkElement.UpdateStyleProperty()",1,"0,11",0x5ED5E023,0,0,0,0,
"System.Windows.Freezable.get_SingletonContext()",1,"0,11",0x6A4F99F6,0,0,0,0,
"System.Windows.Freezable.GetChangeHandlersAndInvalidateSubProperties(class System.Windows.Freezable/EventStorage&)",1,"0,11",0x6A4F37FB,0,0,0,0,
"System.Windows.Freezable.GetChangeHandlersAndInvalidateSubProperties(class System.Windows.Freezable/EventStorage&)",1,"0,11",0x6A4F3876,0,0,0,0,
"System.Windows.Freezable.GetChangeHandlersAndInvalidateSubProperties(class System.Windows.Freezable/EventStorage&)",1,"0,11",0x6A4F38C1,0,0,0,0,
"System.Windows.Freezable.GetChangeHandlersAndInvalidateSubProperties(class System.Windows.Freezable/EventStorage&)",1,"0,11",0x6A4F3903,0,0,0,0,
"System.Windows.Freezable.ReadPreamble()",1,"0,11",0x6A4F7C03,0,0,0,0,
"System.Windows.GlobalEventManager.GetDTypedClassListeners(class System.Windows.DependencyObjectType,class System.Windows.RoutedEvent,class System.Windows.ClassHandlersStore&,int32&)",1,"0,11",0x61B8A417,0,0,0,0,
"System.Windows.GlobalEventManager.GetDTypedClassListeners(class System.Windows.DependencyObjectType,class System.Windows.RoutedEvent,class System.Windows.ClassHandlersStore&,int32&)",1,"0,11",0x61B8A430,0,0,0,0,
"System.Windows.GlobalEventManager.GetDTypedClassListeners(class System.Windows.DependencyObjectType,class System.Windows.RoutedEvent,class System.Windows.ClassHandlersStore&,int32&)",1,"0,11",0x61B8A43A,0,0,0,0,
"System.Windows.Input.InputElement.GetRootVisual(class System.Windows.DependencyObject,bool)",1,"0,11",0x61B8DFFE,0,0,0,0,
"System.Windows.Input.InputElement.IsValid(class System.Windows.IInputElement)",1,"0,11",0x61BE547D,0,0,0,0,
"System.Windows.Input.InputManager.RaiseProcessInputEventHandlers(class System.Windows.Input.ProcessInputEventHandler,class System.Windows.Input.ProcessInputEventArgs)",1,"0,11",0x61BAA15A,0,0,0,0,
"System.Windows.Input.KeyboardNavigation.ExtractRawUIStateInputReport(class System.Windows.Input.InputEventArgs,class System.Windows.RoutedEvent)",1,"0,11",0x5EDA16A1,0,0,0,0,
"System.Windows.Input.MouseDevice.PreNotifyInput(object,class System.Windows.Input.NotifyInputEventArgs)",1,"0,11",0x61BA9726,0,0,0,0,
"System.Windows.Input.MouseDevice.PreProcessInput(object,class System.Windows.Input.PreProcessInputEventArgs)",1,"0,11",0x61BA90C7,0,0,0,0,
"System.Windows.Input.RoutedCommand.CriticalCanExecute(object,class System.Windows.IInputElement,bool,bool&)",1,"0,11",0x61B97DBE,0,0,0,0,
"System.Windows.Input.StylusLogic.PreProcessInput(object,class System.Windows.Input.PreProcessInputEventArgs)",1,"0,11",0x61BA8ED3,0,0,0,0,
"System.Windows.Input.TextServicesManager.PostProcessInput(object,class System.Windows.Input.ProcessInputEventArgs)",1,"0,11",0x61BAB2AC,0,0,0,0,
"System.Windows.Interop.HwndSource.HwndTargetFilterMessage(native int,int32,native int,native int,bool&)",1,"0,11",0x61B93B7B,0,0,0,0,
"System.Windows.Interop.HwndSource.LayoutFilterMessage(native int,int32,native int,native int,bool&)",1,"0,11",0x61B93A22,0,0,0,0,
"System.Windows.Interop.HwndSource.WeakEventPreprocessMessage.OnPreprocessMessage(valuetype System.Windows.Interop.MSG&,bool&)",1,"0,11",0x61B9556F,0,0,0,0,
"System.Windows.Interop.HwndTarget.HandleMessage(valuetype MS.Internal.Interop.WindowMessage,native int,native int)",1,"0,11",0x61B94FF5,0,0,0,0,
"System.Windows.LogicalTreeHelper.GetParent(class System.Windows.DependencyObject)",1,"0,11",0x5ED6623A,0,0,0,0,
"System.Windows.Media.Animation.AnimationStorage.OnCurrentTimeInvalidated(object,class System.EventArgs)",1,"0,11",0x61BD7968,0,0,0,0,
"System.Windows.Media.Animation.Clock.ComputeCurrentState(valuetype System.Nullable`1<valuetype System.TimeSpan>,valuetype System.TimeSpan&,float64,bool)",1,"0,11",0x61BD5387,0,0,0,0,
"System.Windows.Media.Animation.Clock.ComputeEvents(valuetype System.Nullable`1<valuetype System.TimeSpan>,valuetype System.Windows.Media.Animation.TimeIntervalCollection)",1,"0,11",0x61BD5BFB,0,0,0,0,
"System.Windows.Media.Animation.Clock.ComputeNextTickNeededTime(valuetype System.Nullable`1<valuetype System.TimeSpan>,valuetype System.TimeSpan,float64)",1,"0,11",0x61BD6692,0,0,0,0,
"System.Windows.Media.Animation.Clock.ComputeNextTickNeededTime(valuetype System.Nullable`1<valuetype System.TimeSpan>,valuetype System.TimeSpan,float64)",1,"0,11",0x61BD674E,0,0,0,0,
"System.Windows.Media.Animation.ClockGroup.ComputeTreeStateRoot()",1,"0,11",0x61B8F915,0,0,0,0,
"System.Windows.Media.Animation.DoubleAnimationUsingKeyFrames.GetCurrentValueCore(float64,float64,class System.Windows.Media.Animation.AnimationClock)",1,"0,11",0x61BE3B34,0,0,0,0,
"System.Windows.Media.Animation.DoubleAnimationUsingKeyFrames.GetCurrentValueCore(float64,float64,class System.Windows.Media.Animation.AnimationClock)",1,"0,11",0x61BE3B7A,0,0,0,0,
"System.Windows.Media.Animation.DoubleIndependentAnimationStorage.UpdateResourceCore(class System.Windows.Media.Composition.DUCE/Channel)",1,"0,11",0x620C1FA3,0,0,0,0,
"System.Windows.Media.Animation.PrefixSubtreeEnumerator.MoveNext()",1,"0,11",0x61BD6D42,0,0,0,0,
"System.Windows.Media.Animation.Storyboard.GetComplexPathClone(class System.Windows.DependencyObject,class System.Windows.DependencyProperty)",1,"0,11",0x5ED67235,0,0,0,0,
"System.Windows.Media.Animation.Storyboard.GetComplexPathClone(class System.Windows.DependencyObject,class System.Windows.DependencyProperty)",1,"0,11",0x5ED6723B,0,0,0,0,
"System.Windows.Media.Animation.TimeIntervalCollection.IntersectsHelper(valuetype System.Windows.Media.Animation.TimeIntervalCollection)",1,"0,11",0x61BD7452,0,0,0,0,
"System.Windows.Media.Animation.TimeIntervalCollection.IntersectsInverseOf(valuetype System.Windows.Media.Animation.TimeIntervalCollection)",1,"0,11",0x61BD7821,0,0,0,0,
"System.Windows.Media.Animation.TimeIntervalCollection.IntersectsMultiplePeriods(valuetype System.TimeSpan,valuetype System.Windows.Duration,float64)",1,"0,11",0x61BD846A,0,0,0,0,
"System.Windows.Media.Animation.TimeIntervalCollection.ProjectionNormalize(valuetype System.Windows.Media.Animation.TimeIntervalCollection&,valuetype System.TimeSpan,valuetype System.Nullable`1<valuetype System.TimeSpan>,bool,float64)",1,"0,11",0x61BD3B3C,0,0,0,0,
"System.Windows.Media.BoundsDrawingContextWalker.DrawRoundedRectangle(class System.Windows.Media.Brush,class System.Windows.Media.Pen,valuetype System.Windows.Rect,float64,float64)",1,"0,11",0x61BAF840,0,0,0,0,
"System.Windows.Media.Composition.VisualProxy.SetFlags(int32,bool,valuetype System.Windows.Media.VisualProxyFlags)",1,"0,11",0x61BB0700,0,0,0,0,
"System.Windows.Media.GlyphRun.ComputeInkBoundingBoxLtoR(valuetype MS.Internal.Text.TextInterface.GlyphMetrics[])",1,"0,11",0x61BA67EE,0,0,0,0,
"System.Windows.Media.Matrix.get_Determinant()",1,"0,11",0x6A4E9090,0,0,0,0,
"System.Windows.Media.Matrix.get_Identity()",1,"0,11",0x6A4F1712,0,0,0,0,
"System.Windows.Media.Matrix.get_Identity()",1,"0,11",0x6A4F1715,0,0,0,0,
"System.Windows.Media.Matrix.Invert()",1,"0,11",0x6A4E90EC,0,0,0,0,
"System.Windows.Media.Matrix.op_Multiply(valuetype System.Windows.Media.Matrix,valuetype System.Windows.Media.Matrix)",1,"0,11",0x6A4FEB8A,0,0,0,0,
"System.Windows.Media.Matrix.Skew(float64,float64)",1,"0,11",0x6A50608E,0,0,0,0,
"System.Windows.Media.MediaContext.CommitChannel()",1,"0,11",0x61BB37F1,0,0,0,0,
"System.Windows.Media.MediaContext.CountsToTicks(int64)",1,"0,11",0x61B8E842,0,0,0,0,
"System.Windows.Media.MediaContext.get_HasCommittedThisVBlankInterval()",1,"0,11",0x61BB3749,0,0,0,0,
"System.Windows.Media.MediaContext.NotifyPresented(valuetype System.Windows.Media.Composition.MIL_PRESENTATION_RESULTS,int64,int32)",1,"0,11",0x61BD8751,0,0,0,0,
"System.Windows.Media.MediaContext.System.Windows.Media.Animation.IClock.get_CurrentTime()",1,"0,11",0x61B8F437,0,0,0,0,
"System.Windows.Media.RectangleGeometry.get_RadiusX()",1,"0,11",0x61BB3031,0,0,0,0,
"System.Windows.Media.TextFormatting.CharacterBufferRange.get_Item(int32)",1,"0,11",0x61BA0253,0,0,0,0,
"System.Windows.Media.TranslateTransform.get_Value()",1,"0,11",0x61BBFD65,0,0,0,0,
"System.Windows.Media.Typeface.CheckFastPathNominalGlyphs(valuetype System.Windows.Media.TextFormatting.CharacterBufferRange,float64,float64,float64,bool,bool,class System.Globalization.CultureInfo,valuetype System.Windows.Media.TextFormattingMode,bool,bool,int32&)",1,"0,11",0x61B9D6C2,0,0,0,0,
"System.Windows.Media.Typeface.GetCharacterNominalWidthsAndIdealWidth(valuetype System.Windows.Media.TextFormatting.CharacterBufferRange,float64,float64,valuetype System.Windows.Media.TextFormattingMode,bool,int32[]&,int32&)",1,"0,11",0x61B838E0,0,0,0,0,
"System.Windows.Media.Visual.ChangeVisualClip(class System.Windows.Media.Geometry,bool)",1,"0,11",0x61BA40FD,0,0,0,0,
"System.Windows.Media.Visual.HitTestPoint(class System.Windows.Media.HitTestFilterCallback,class System.Windows.Media.HitTestResultCallback,class System.Windows.Media.PointHitTestParameters)",1,"0,11",0x61BE8E24,0,0,0,0,
"System.Windows.Media.Visual.PrecomputeContent()",1,"0,11",0x61BAEEB0,0,0,0,0,
"System.Windows.Media.Visual.PropagateFlags(class System.Windows.Media.Visual,valuetype System.Windows.Media.VisualFlags,valuetype System.Windows.Media.VisualProxyFlags)",1,"0,11",0x61B8D9C8,0,0,0,0,
"System.Windows.Media.Visual.set_VisualClearTypeHint(valuetype System.Windows.Media.ClearTypeHint)",1,"0,11",0x61B96F6A,0,0,0,0,
"System.Windows.Media.Visual.TrySimpleTransformToAncestor(class System.Windows.Media.Visual,bool,class System.Windows.Media.GeneralTransform&,valuetype System.Windows.Media.Matrix&)",1,"0,11",0x61B83BCB,0,0,0,0,
"System.Windows.Media.VisualTreeHelper.GetParent(class System.Windows.DependencyObject)",1,"0,11",0x61B8DE8E,0,0,0,0,
"System.Windows.Point.op_Subtraction(valuetype System.Windows.Point,valuetype System.Windows.Vector)",1,"0,11",0x6A4E9239,0,0,0,0,
"System.Windows.PropertyMetadata.get_IsInherited()",1,"0,11",0x6A4F3E3A,0,0,0,0,
"System.Windows.Rect.get_Size()",1,"0,11",0x6A4FE985,0,0,0,0,
"System.Windows.Rect.IntersectsWith(valuetype System.Windows.Rect)",1,"0,11",0x6A4FF6AF,0,0,0,0,
"System.Windows.Rect.Union(valuetype System.Windows.Rect)",1,"0,11",0x6A4FF2D7,0,0,0,0,
"System.Windows.Rect.Union(valuetype System.Windows.Rect)",1,"0,11",0x6A4FF32E,0,0,0,0,
"System.Windows.Rect.Union(valuetype System.Windows.Rect)",1,"0,11",0x6A4FF373,0,0,0,0,
"System.Windows.RoutedEventArgs.set_Source(object)",1,"0,11",0x61B98591,0,0,0,0,
"System.Windows.RoutedEventArgs.set_Source(object)",1,"0,11",0x61B985B8,0,0,0,0,
"System.Windows.RoutedEventHandlerInfo.InvokeHandler(object,class System.Windows.RoutedEventArgs)",1,"0,11",0x61B99776,0,0,0,0,
"System.Windows.Shell.WindowChromeWorker._HandleNCActivate(valuetype Standard.WM,native int,native int,bool&)",1,"0,11",0x5F8105FB,0,0,0,0,
"System.Windows.Shell.WindowChromeWorker._HandleNCHitTest(valuetype Standard.WM,native int,native int,bool&)",1,"0,11",0x5F810236,0,0,0,0,
"System.Windows.Shell.WindowChromeWorker._HitTestNca(valuetype System.Windows.Rect,valuetype System.Windows.Point)",1,"0,11",0x5F812C8C,0,0,0,0,
"System.Windows.Shell.WindowChromeWorker._WndProc(native int,int32,native int,native int,bool&)",1,"0,11",0x5F81068B,0,0,0,0,
"System.Windows.Shell.WindowChromeWorker._WndProc(native int,int32,native int,native int,bool&)",1,"0,11",0x5F8106E1,0,0,0,0,
"System.Windows.StyleHelper.GetValueFromStyleOrTemplate(valuetype MS.Internal.FrameworkObject,class System.Windows.DependencyProperty,valuetype System.Windows.EffectiveValueEntry&)",1,"0,11",0x5ED793B3,0,0,0,0,
"System.Windows.StyleHelper.OnTriggerSourcePropertyInvalidated(class System.Windows.Style,class System.Windows.FrameworkTemplate,class System.Windows.DependencyObject,class System.Windows.DependencyProperty,valuetype System.Windows.DependencyPropertyChangedEventArgs,bool,valuetype MS.Utility.FrugalStructList`1<valuetype MS.Utility.ItemStructMap`1<valuetype System.Windows.TriggerSourceRecord>>&,valuetype MS.Utility.FrugalMap&,int32)",1,"0,11",0x5ED7BAE5,0,0,0,0,
"System.Windows.TemplateContent.TrySharingProperty(class System.Xaml.XamlReader,class System.Xaml.XamlType,string,class MS.Utility.FrugalObjectList`1<class System.Xaml.NamespaceDeclaration>,valuetype System.Nullable`1<valuetype System.Windows.PropertyValue>&)",1,"0,11",0x5ED7EE45,0,0,0,0,
"System.Windows.Threading.Dispatcher.CriticalRequestProcessing(bool)",1,"0,11",0x6A4EADB7,0,0,0,0,
"System.Windows.Threading.Dispatcher.FromThread(class System.Threading.Thread)",1,"0,11",0x6A4EA5A1,0,0,0,0,
"System.Windows.Threading.Dispatcher.get_CurrentDispatcher()",1,"0,11",0x6A4EA4D1,0,0,0,0,
"System.Windows.Threading.Dispatcher.get_CurrentDispatcher()",1,"0,11",0x6A4EA4E9,0,0,0,0,
"System.Windows.Threading.Dispatcher.GetMessage(valuetype System.Windows.Interop.MSG&,native int,int32,int32)",1,"0,11",0x6A4EB273,0,0,0,0,
"System.Windows.Threading.Dispatcher.GetMessagePump()",1,"0,11",0x6A4EB36C,0,0,0,0,
"System.Windows.Threading.Dispatcher.LegacyBeginInvokeImpl(valuetype System.Windows.Threading.DispatcherPriority,class System.Delegate,object,int32)",1,"0,11",0x6A4EA7AD,0,0,0,0,
"System.Windows.Threading.Dispatcher.VerifyAccess()",1,"0,11",0x6A4EA6F0,0,0,0,0,
"System.Windows.Threading.Dispatcher.VerifyAccess()",1,"0,11",0x6A4EA6FC,0,0,0,0,
"System.Windows.Threading.Dispatcher.WndProcHook(native int,int32,native int,native int,bool&)",1,"0,11",0x6A4EB4D5,0,0,0,0,
"System.Windows.Threading.DispatcherOperationTaskSource`1.Initialize(class System.Windows.Threading.DispatcherOperation)",1,"0,11",0x6A4ECF02,0,0,0,0,
"System.Windows.Threading.DispatcherTimer.Stop()",1,"0,11",0x6A4EF5F2,0,0,0,0,
"System.Windows.Threading.PriorityQueue`1.get_MaxPriority()",1,"0,11",0x6A4ED240,0,0,0,0,
"System.Windows.Threading.PriorityQueue`1.get_MaxPriority()",1,"0,11",0x6A4ED241,0,0,0,0,
"System.Windows.Threading.PriorityQueue`1.InsertItemInPriorityChain(class System.Windows.Threading.PriorityItem`1<!0>,class System.Windows.Threading.PriorityChain`1<!0>,class System.Windows.Threading.PriorityItem`1<!0>)",1,"0,11",0x6A4ED1E2,0,0,0,0,
"System.Windows.Threading.PriorityRange.Contains(valuetype System.Windows.Threading.DispatcherPriority)",1,"0,11",0x6A4EB889,0,0,0,0,
"System.Windows.TreeChangeInfo.GetRootInheritableValue(class System.Windows.DependencyProperty)",1,"0,11",0x5ED5FE8B,0,0,0,0,
"System.Windows.UIElement.AddSynchronizedInputPostOpportunityHandler(class System.Windows.EventRoute,class System.Windows.RoutedEventArgs)",1,"0,11",0x61B98E4A,0,0,0,0,
"System.Windows.UIElement.AddToEventRoute(class System.Windows.EventRoute,class System.Windows.RoutedEventArgs)",1,"0,11",0x61B98A34,0,0,0,0,
"System.Windows.UIElement.BuildRouteHelper(class System.Windows.DependencyObject,class System.Windows.EventRoute,class System.Windows.RoutedEventArgs)",1,"0,11",0x61B986D4,0,0,0,0,
"System.Windows.UIElement.get_IsHitTestVisible()",1,"0,11",0x61B83B95,0,0,0,0,
"System.Windows.UIElement.InputHitTest(valuetype System.Windows.Point,class System.Windows.IInputElement&,class System.Windows.IInputElement&,class System.Windows.Media.HitTestResult&)",1,"0,11",0x61BE86EA,0,0,0,0,
"System.Windows.UIElement.OnPreviewMouseMoveThunk(object,class System.Windows.Input.MouseEventArgs)",1,"0,11",0x61BE88CD,0,0,0,0,
"System.Windows.UIElement.OnPreviewMouseMoveThunk(object,class System.Windows.Input.MouseEventArgs)",1,"0,11",0x61BE8915,0,0,0,0,
"System.Windows.UIElement.OnQueryCursorThunk(object,class System.Windows.Input.QueryCursorEventArgs)",1,"0,11",0x61BE8A66,0,0,0,0,
"System.Windows.UIElement.RaiseEvent(class System.Windows.RoutedEventArgs)",1,"0,11",0x61BA7A69,0,0,0,0,
"System.Windows.UIElement.RaiseTrustedEvent(class System.Windows.RoutedEventArgs)",1,"0,11",0x61BABBC1,0,0,0,0,
"System.Windows.UncommonField`1.GetValue(class System.Windows.DependencyObject)",1,"0,11",0x6A4F367E,0,0,0,0,
"System.Windows.UncommonField`1.GetValue(class System.Windows.DependencyObject)",1,"0,11",0x6A4FFE18,0,0,0,0,
"System.Windows.Window.ShowHelper(object)",1,"0,11",0x5ED4FA4B,0,0,0,0,
"System.Windows.Window.WindowFilterMessage(native int,int32,native int,native int,bool&)",1,"0,11",0x5ED89181,0,0,0,0,
"System.Xaml.XamlObjectWriter.WriteEndMember()",1,"0,11",0x694CCA15,0,0,0,0,
"System.Xaml.XamlObjectWriter.WriteValue(object)",1,"0,11",0x694CC5B6,0,0,0,0,
